epoch,time,train/loss,metrics/accuracy_top1,metrics/accuracy_top5,val/loss,lr/pg0,lr/pg1,lr/pg2
1,31.3918,1.01968,0.86047,0.9907,0.45667,0.07624,0.00024,0.00024
2,62.7619,0.32899,0.86977,1,0.41417,0.0514803,0.000480298,0.000480298
3,94.0134,0.14829,0.88372,1,0.36084,0.0267107,0.000710696,0.000710696
4,124.603,0.14524,0.88372,0.99535,0.38102,0.00193119,0.000931194,0.000931194
