{
  "train_loss": [
    1.277335993268273,
    0.8360386301170696,
    0.48633596301078796,
    0.3556343804706227,
    0.331727109849453,
    0.31142196262424643,
    0.2520243948833509,
    0.25440582463687117,
    0.20319493690674956,
    0.1932791920209473,
    0.2029458201405677,
    0.15852373736825856,
    0.1465405488217419,
    0.14563628057525915,
    0.12428113826635209,
    0.13088409780440005,
    0.12006297224963253,
    0.1163441516797651,
    0.11537124868482351,
    0.10842807379297235,
    0.10043386395343325,
    0.07025702619417147,
    0.0665028011849658,
    0.10285492982207374,
    0.0505021678453142,
    0.07128401600163091,
    0.07057085404680534
  ],
  "train_acc": [
    38.06818181818182,
    71.44886363636364,
    87.7840909090909,
    91.76136363636364,
    89.77272727272727,
    92.1875,
    93.32386363636364,
    93.4659090909091,
    95.17045454545455,
    95.45454545454545,
    95.45454545454545,
    96.73295454545455,
    96.30681818181819,
    96.875,
    97.72727272727273,
    97.1590909090909,
    97.1590909090909,
    97.44318181818181,
    97.30113636363636,
    98.01136363636364,
    97.86931818181819,
    98.4375,
    98.7215909090909,
    98.1534090909091,
    99.14772727272727,
    98.57954545454545,
    98.7215909090909
  ],
  "val_loss": [
    0.8501903026000314,
    0.33580661791822186,
    0.16132909351068994,
    0.14779130790544592,
    0.11280856791721738,
    0.12538100928878007,
    0.11251614815757974,
    0.07195424377594305,
    0.06437768316422791,
    0.062012518249938024,
    0.07641935613735215,
    0.04479364025325555,
    0.04451537840878186,
    0.04060894586955723,
    0.03748284402789305,
    0.03156208690336865,
    0.028602582812511726,
    0.024108521336608606,
    0.024607618774651834,
    0.01788594479591626,
    0.01983083800777145,
    0.020239782145084893,
    0.022769050287973623,
    0.021282260508640953,
    0.019444744882133345,
    0.01892304010486797,
    0.019946588810695255
  ],
  "val_acc": [
    83.56545961002786,
    95.6824512534819,
    98.46796657381616,
    99.44289693593315,
    99.16434540389972,
    97.9108635097493,
    98.8857938718663,
    99.30362116991644,
    99.58217270194986,
    99.44289693593315,
    99.30362116991644,
    99.72144846796657,
    99.58217270194986,
    99.86072423398329,
    99.86072423398329,
    99.72144846796657,
    100.0,
    99.86072423398329,
    100.0,
    100.0,
    100.0,
    100.0,
    100.0,
    100.0,
    100.0,
    100.0,
    100.0
  ],
  "lr": [
    4.986332128943842e-05,
    4.9454782638308454e-05,
    4.877886008156409e-05,
    4.784295916818289e-05,
    4.665733382442175e-05,
    4.523497400965494e-05,
    4.3591463395660985e-05,
    4.174480862865351e-05,
    3.97152420446972e-05,
    3.7525e-05,
    3.519807924474122e-05,
    3.275997400965494e-05,
    3.023739668590309e-05,
    2.7657985158527956e-05,
    2.5050000000000006e-05,
    2.244201484147205e-05,
    1.98626033140969e-05,
    1.7340025990345062e-05,
    1.490192075525879e-05,
    1.2575000000000006e-05,
    1.03847579553028e-05,
    8.355191371346496e-06,
    6.50853660433902e-06,
    4.865025990345065e-06,
    3.442666175578255e-06,
    2.2570408318171057e-06,
    1.3211399184359193e-06
  ]
}