{
  "train_loss": [
    1.2336950979449532,
    0.7699380733750083,
    0.49275139651515265,
    0.3607111105864698,
    0.322854835878719,
    0.3196049082008275,
    0.28294370966878807,
    0.21906377138061958,
    0.21926734359426933,
    0.22753824259747157,
    0.1703565867448395,
    0.20919355529953132,
    0.19068919714878907,
    0.12911565381694923,
    0.12765783418647267,
    0.11894371597604318,
    0.12266180774366314,
    0.14459726553071628,
    0.17690519082613967,
    0.14071733309802684,
    0.11960531644184481,
    0.12793242745101452,
    0.08516250229017301,
    0.07855954258279367,
    0.09102465237744829,
    0.08156484433195808
  ],
  "train_acc": [
    42.47159090909091,
    68.89204545454545,
    84.6590909090909,
    89.3465909090909,
    91.33522727272727,
    90.48295454545455,
    91.76136363636364,
    95.3125,
    93.60795454545455,
    93.89204545454545,
    95.3125,
    93.18181818181819,
    95.0284090909091,
    96.30681818181819,
    96.73295454545455,
    97.86931818181819,
    97.44318181818181,
    96.30681818181819,
    96.5909090909091,
    96.875,
    97.72727272727273,
    97.72727272727273,
    98.4375,
    98.1534090909091,
    98.4375,
    98.4375
  ],
  "val_loss": [
    0.8239186224730118,
    0.3024353349338407,
    0.17300309281310308,
    0.12266901188084613,
    0.1123603534196382,
    0.11449716430481362,
    0.08332606368576703,
    0.0790920172939482,
    0.061861703283679875,
    0.048321288210623294,
    0.1391557575324955,
    0.06917782607690795,
    0.03949634542526758,
    0.03771969269070288,
    0.033894773167760475,
    0.03023028444579762,
    0.036077980316527515,
    0.02848737324466524,
    0.031114925235590857,
    0.027367652798800365,
    0.02015698998761566,
    0.0257273707235151,
    0.02300658363484494,
    0.024812918733400496,
    0.02276971154724774,
    0.022600995786690517
  ],
  "val_acc": [
    89.97214484679665,
    95.26462395543176,
    97.7715877437326,
    99.30362116991644,
    99.58217270194986,
    98.74651810584959,
    99.025069637883,
    99.44289693593315,
    99.44289693593315,
    99.86072423398329,
    96.7966573816156,
    99.30362116991644,
    99.72144846796657,
    99.86072423398329,
    99.86072423398329,
    100.0,
    99.72144846796657,
    99.86072423398329,
    99.86072423398329,
    99.86072423398329,
    100.0,
    99.86072423398329,
    100.0,
    100.0,
    100.0,
    99.86072423398329
  ],
  "lr": [
    4.986332128943842e-05,
    4.9454782638308454e-05,
    4.877886008156409e-05,
    4.784295916818289e-05,
    4.665733382442175e-05,
    4.523497400965494e-05,
    4.3591463395660985e-05,
    4.174480862865351e-05,
    3.97152420446972e-05,
    3.7525e-05,
    3.519807924474122e-05,
    3.275997400965494e-05,
    3.023739668590309e-05,
    2.7657985158527956e-05,
    2.5050000000000006e-05,
    2.244201484147205e-05,
    1.98626033140969e-05,
    1.7340025990345062e-05,
    1.490192075525879e-05,
    1.2575000000000006e-05,
    1.03847579553028e-05,
    8.355191371346496e-06,
    6.50853660433902e-06,
    4.865025990345065e-06,
    3.442666175578255e-06,
    2.2570408318171057e-06
  ]
}