{
  "accuracy": 0.9642857142857143,
  "precision_macro": 0.9513888888888888,
  "recall_macro": 0.9705528846153846,
  "f1_macro": 0.9597387230754371,
  "per_class": {
    "cordana": {
      "precision": 0.8611111111111112,
      "recall": 0.96875,
      "f1": 0.9117647058823529,
      "support": 32
    },
    "healthy": {
      "precision": 1.0,
      "recall": 0.9615384615384616,
      "f1": 0.9803921568627451,
      "support": 26
    },
    "pestalotiopsis": {
      "precision": 0.9444444444444444,
      "recall": 1.0,
      "f1": 0.9714285714285714,
      "support": 34
    },
    "sigatoka": {
      "precision": 1.0,
      "recall": 0.9519230769230769,
      "f1": 0.9753694581280788,
      "support": 104
    }
  }
}