{
  "accuracy": 0.9693877551020408,
  "precision_macro": 0.9618104667609618,
  "recall_macro": 0.9729567307692308,
  "f1_macro": 0.966720573416369,
  "per_class": {
    "cordana": {
      "precision": 0.8857142857142857,
      "recall": 0.96875,
      "f1": 0.9253731343283582,
      "support": 32
    },
    "healthy": {
      "precision": 1.0,
      "recall": 0.9615384615384616,
      "f1": 0.9803921568627451,
      "support": 26
    },
    "pestalotiopsis": {
      "precision": 0.9714285714285714,
      "recall": 1.0,
      "f1": 0.9855072463768116,
      "support": 34
    },
    "sigatoka": {
      "precision": 0.9900990099009901,
      "recall": 0.9615384615384616,
      "f1": 0.975609756097561,
      "support": 104
    }
  }
}