{
  "train_loss": [
    0.8380367723958833,
    0.33859118651978826,
    0.2667518537301494,
    0.28253324356670156,
    0.2903366253891846,
    0.2036258891255747,
    0.15193234489249466,
    0.21480693850530863,
    0.17500168297734417,
    0.18891848843434542,
    0.17383482973016318,
    0.1869803151099887,
    0.14762875294058622,
    0.12467407343212138,
    0.1461086227232323,
    0.21277587607077367,
    0.11605418486066568,
    0.16664075251786442,
    0.17603980687220297,
    0.13433022004993495
  ],
  "train_acc": [
    70.28061224489795,
    88.90306122448979,
    91.45408163265306,
    92.7295918367347,
    92.7295918367347,
    95.15306122448979,
    95.28061224489795,
    94.89795918367346,
    95.02551020408163,
    95.40816326530613,
    95.40816326530613,
    95.66326530612245,
    95.91836734693878,
    96.68367346938776,
    97.06632653061224,
    94.7704081632653,
    97.5765306122449,
    96.68367346938776,
    95.53571428571429,
    97.32142857142857
  ],
  "val_loss": [
    0.5749608869478107,
    0.1645915086678542,
    0.1350922078030817,
    0.03295461260704997,
    0.060898748155364044,
    0.05005708101122309,
    0.01372184268442691,
    0.023121547827533392,
    0.09416109878576932,
    0.017802372403399432,
    0.012176957764834241,
    0.01590975456660999,
    0.009871443068502685,
    0.04308653032285775,
    0.004628665594918857,
    0.048870680211862236,
    0.0024512319730220613,
    0.009439387198321096,
    0.012944007432397485,
    0.0003709244873672901
  ],
  "val_acc": [
    81.44853875476493,
    96.44218551461245,
    95.80686149936467,
    98.856416772554,
    98.47522236340534,
    98.22109275730622,
    99.74587039390089,
    99.23761118170268,
    97.33163913595934,
    99.61880559085134,
    99.61880559085134,
    99.61880559085134,
    99.61880559085134,
    98.856416772554,
    99.87293519695045,
    98.60228716645489,
    99.74587039390089,
    99.61880559085134,
    99.49174078780177,
    100.0
  ],
  "lr": [
    0.0001,
    0.0001,
    0.0001,
    0.0001,
    0.0001,
    0.0001,
    0.0001,
    0.0001,
    0.0001,
    0.0001,
    0.0001,
    0.0001,
    0.0001,
    0.0001,
    0.0001,
    0.0001,
    0.0001,
    0.0001,
    0.0001,
    0.0001
  ]
}